B997-585;1
L224-585-60;1
D268-585-B-L032-45;10
D266-585-B-L032-45;10
D267-585-B-L032-45;10
D122-585-B-L032-42;10
D264-585-B-L032-45;10
D260-585-B-L032-45;10
D265-585-B-L032-45;10
D122-333-B0.02;10
D122-585-B0.02;10
D260-585-B0.08;10
D264-585-B0.0145;10
D264-B585-B0.0145;10
D265-585-B0.05;10
D265-B585-B0.05;10
D266-585-B0.03;10
D266-B585-B0.03;10
D267-585-B0.02;10
D267-B585-B0.02;10
D268-585-B0.09;10
D268-B585-B0.09;10
US015;50
A032;0
A033;100
ZO-502-B585-B0.01;10
ZO-502-585-B0.01;10
ZO-503-B585-B0.04;10
ZO-503-585-B0.04;10
NB001-B585-B0.16;10
BB001-B585-B1.11;10
BB002-B585-B2.16;10
BB003-B585-B2.23;10
KB001-B585-B0.80;10
NB003-B585-B6.90;10
NB004-B585-B4.56;10
NB005-B585-B3.38;10
BB015-B585-B0.82;10
BB015-B585-B0.93;10
NB002-B585-B0.29;10
NB003-B585-B0.20;10
NB003-B585-B0.26;10
BB016-B585-B1.66;10
BB016-B585-B1.84;10
BB017-585-CB2.40;10
BB018-B585-B1.98;10
BB018-B585-B1.77;10
BB007-585-B0.04;10
BB006-B585-B0.08;10
BB006-585-B0.08;10
BB005-B585-B0.035;10
BB005-585-B0.035;10
BB004-B585-B0.08;10
BB004-585-B0.08;10
BB008-585-B0.08;10
BB008-B585-B0.08;10
BB009-585-B0.04;10
BB009-B585-B0.04;10
BB010-585-B0.30;10
BB010-B585-B0.30;10
BB011-585-B0.08;10
BB011-B585-B0.08;10
BB012-585-B0.10;10
BB012-B585-B0.10;10
BB013-585-B0.21;10
BB013-B585-B0.21;10
BB014-585-B0.08;10
BB014-B585-B0.08;10
BB019-585-B1.07;10
BB019-B585-B1.07;10
BB019-B585-B1.20;10
BB020-585-CB0.45;10
BB020-B585-B0.45;10
BB020-B585-B0.50;10
BB020-B585-CB0.45;10
BB020-B585-CB0.50;10
BB007-B585-B0.04;10
A052G;20
A037G;20
B802-585;2
B803-585;2
B804-585;0
B806-585;0
B807-585;2
B808-585;2
B809-585;0
B810-585;0
B811-585;2
B970-585;1
O001-333;10
O001-585;10
O001-B585;10
O002-333;10
O002-585;10
O002-B585;10
O003-333;10
O003-585;10
O003-B585;10
O004-333;10
O004-585;10
O004-B585;10
O005-585;10
O006-585;10
O007-585;10
O008-585;10
O009-585;10
O010-585;10
O011-585;10
O012-585;10
O013-585;10
O014-585;10
O015-585;10
O016-585;10
O017-585;10
O018-585;10
O019-585;10
O020-585;10
O021-585;10
O022-585;10
O023-585;10
O024-585;10
O025-585;10
O026-585;10
O027-585;10
O028-585;10
O029-585;10
O030-585;10
O031-585;10
O032-585-30;10
O032-585-33;10
O032-585-34;10
O032-585-40;10
O032-585-44;10
O032-585-45;10
O032-585-50;10
O032-585-55;10
O032-585-56;10
O032-585-66;10
O032-B585-30;10
O032-B585-33;10
O032-B585-34;10
O032-B585-40;10
O032-B585-44;10
O032-B585-45;10
O032-B585-50;10
O032-B585-55;10
O032-B585-56;10
O032-B585-66;10
O033-585-30;10
O033-585-33;10
O033-585-34;10
O033-585-40;10
O033-585-44;10
O033-585-45;10
O033-585-50;10
O033-585-55;10
O033-585-56;10
O033-585-66;10
O033-B585-30;10
O033-B585-33;10
O033-B585-34;10
O033-B585-40;10
O033-B585-44;10
O033-B585-45;10
O033-B585-50;10
O033-B585-55;10
O033-B585-56;10
O033-B585-66;10
O034-585-30;10
O034-585-33;10
O034-585-34;10
O034-585-40;10
O034-585-44;10
O034-585-45;10
O034-585-50;10
O034-585-55;10
O034-585-56;10
O034-585-66;10
O034-B585-30;10
O034-B585-33;10
O034-B585-34;10
O034-B585-40;10
O034-B585-44;10
O034-B585-45;10
O034-B585-50;10
O034-B585-55;10
O034-B585-56;10
O034-B585-66;10
O035-585-30;10
O035-585-33;10
O035-585-34;10
O035-585-40;10
O035-585-44;10
O035-585-45;10
O035-585-50;10
O035-585-55;10
O035-585-56;10
O035-585-66;10
O035-B585-30;10
O035-B585-33;10
O035-B585-34;10
O035-B585-40;10
O035-B585-44;10
O035-B585-45;10
O035-B585-50;10
O035-B585-55;10
O035-B585-56;10
O035-B585-66;10
O036-585;10
O037-585;10
O038-585;10
O039-585;10
O040-585;10
O041-585;10
O042-585;10
O043-585;10
O044-585;10
O045-585;10
O046-585-B;10
O046-585-C;10
O051-585;10
O052-585;10
O053-585;10
O054-585;10
O055-585;10
O056-585;10
CL001-333-C;10
CL002-333-C;10
CL003-333-C;10
CL004-333-C;10
CL005-333-C;10
CL006-333-C;10
CL007-333-C;10
CL008-333-C;10
CL009-333-C;10
CL010-333-C;10
EP001-585;10
EP002-585;10
EP003-585;10
EP004-585;10
EP005-585;10
EP006-333;10
EP006-333-C;10
EP006-333-G;10
EP006-333-R;10
EP007-333;10
EP008-333;10
EP008-333-BCZ;10
EP008-333-CB;10
EP008-333-CZB;10
EP008-333-GB;10
EP009-333;10
EP010-333;10
EP011-333;10
EP012-333;10
EP013-333;10
EP013-333-C;10
EP013-333-CZ;10
EP013-333-G;10
EP014-333;10
EP015-333;10
EP016-333-B;10
EP016-333-C;10
EP016-333-G;10
EP017-333;0
EP018-333;10
EP019-333;10
EP020-333;10
EP021-333;10
EP022-333;10
EP023-333;10
EP024-333;10
EP025-333;10
EP026-333;10
EP027-333;10
EP028-333;10
EP029-333;10
EP030-333;10
EP031-333;10
EP032-333;10
EP033-333;10
EP034-333;10
EP035-333;10
EP036-333;10
EP037-333;10
EP038-333;10
EP039-333;10
EP039-333-B;10
EP040-333-CZ;10
EP041-333;10
EP041-333-B;10
EP042-333;10
EP043-333;10
EP044-333;10
EP045-333;10
EP046-333;10
EP047-333;10
EP048-333;10
EP049-333;10
EP050-333;10
EP051-333;10
EP052-333;10
EP053-333;10
EP054-333;10
EP055-333;10
EP056-333;10
EP057-333;10
EP058-333;10
EP058-333-G;10
EP058-333-R;10
EP059-333;10
EP060-333;10
EP061-333;10
EP062-333-B;10
EP063-333-B;10
EP064-333;10
EP065-333;10
EP066-333;10
EP067-333;10
EP068-333;10
EP069-333;10
EP070-333;10
EP071-333;10
EP072-333;10
EP073-333;10
EP074-333;10
EP075-333;10
EP076-333;10
EP077-333;10
EP078-333;10
EP079-333;10
EP080-333;10
EP080-333-G;10
EP080-333-N;10
EP081-333;10
EP082-333;10
EP083-333;10
EP084-333;10
EP085-333;10
EP086-333;10
EP087-333;10
EP088-333;10
EP089-333;10
EP090-333;10
EP091-333;10
EP092-333;10
EP093-333;10
EP094-333;10
EP095-333;10
EP096-333;10
EP097-333;10
EP098-333;10
EP099-333;10
EP100-333;10
EP101-333;10
EP102-333;10
EP103-333;10
EP104-333;10
EP105-333;10
EP106-333;10
EP107-333;10
EP108-333;10
EP109-333;10
EP110-333;10
EP111-333;10
EP112-333;10
EP113-333;10
EP058-333-C;10
EP080-585;10
EP105-333-C;10
EP105-333-G;10
EP114-333;10
EP115-333;10
EP116-333;10
EP117-333;10
EP118-333;10
EP119-333;10
EP120-333;10
EP121-333;10
EP122-333;10
EP123-333;10
EP124-333;10
EP125-333;10
EP126-333;10
EP127-333;10
P001-585-B0.04;10
P001-B585-B0.04;10
P002-585-B0.01;10
P002-B585-B0.01;10
P003-585-B0.04;10
P003-B585-B0.04;10
P004-585-B0.30;10
P004-585-S0.48;10
P004-B585-B0.30;10
P004-B585-S0.48;10
P005-585-B0.06;10
P005-B585-B0.06;10
P006-585-B0.025;10
P006-B585-B0.025;10
P007-585-B0.005;10
P007-B585-B0.005;10
P008-585-B0.04;10
P008-B585-B0.04;10
P009-585-B0.035;10
P009-B585-B0.035;10
P009-R585-B0.035;10
P010-585-B0.04;10
P010-B585-B0.04;10
P010-R585-B0.04;10
P011-585-B0.03;10
P011-B585-B0.03;10
P012-585-B0.085;0
P012-B585-B0.085;0
P013-585-B0.135;0
P013-B585-B0.135;0
P014-585-B0.075;0
P014-B585-B0.075;0
P015-585-B0.10;10
P015-B585-B0.10;10
P016-585-B0.02;10
P016-B585-B0.02;10
P017-585-B0.035;10
P017-585-CB0.035;10
P017-B585-B0.035;10
P017-B585-CB0.035;10
P017-R585-B0.035;10
P017-333-C;10
P018-585-B0.035;10
P018-B585-B0.035;10
P018-R585-B0.035;10
P019-585-B0.015;10
P019-B585-B0.015;10
P020-333;10
P020-585;10
P021-333-C;10
P021-585-B0.04;10
P021-B585-B0.04;10
P022-333;10
P022-585;10
P023-585-T0.70;10
P023-B585-T0.70;10
P024-585;10
P025-585;10
P026-585-B0.08;10
P026-B585-B0.08;10
P027-585-B0.10;10
P027-B585-B0.10;10
P028-333;10
P028-585;10
P029-585;10
P030-333;10
P031-333;10
P032-333;10
P033-333;10
P034-333;10
P035-333;10
P036-333;10
P037-333-B;10
P037-333-C;10
P037-333-CZ;10
P037-333-N;10
P038-585-A0.50;10
P038-585-BS0.60;10
P038-585-CB0.50;10
P038-585-R0.50;10
P038-585-S0.50;10
P038-585-T0.50;10
P038-B585-A0.50;10
P038-B585-BS0.60;10
P038-B585-CB0.50;10
P038-B585-R0.50;10
P038-B585-S0.50;10
P038-B585-T0.50;10
P038-R585-A0.50;10
P038-R585-BS0.60;10
P038-R585-CB0.50;10
P038-R585-R0.50;10
P038-R585-S0.50;10
P038-R585-T0.50;10
P039-585-B0.15;10
P039-585-S0.30;10
P039-B585-B0.15;10
P039-B585-S0.30;10
P040-585-B0.10;10
P040-585-CB0.12;10
P040-585-R0.15;10
P040-585-S0.15;10
P040-B585-B0.10;10
P040-B585-CB0.12;10
P040-B585-R0.15;10
P040-B585-S0.15;10
P041-585-B0.10;10
P041-585-CB0.12;10
P041-585-R0.15;10
P041-585-S0.15;10
P041-B585-B0.10;10
P041-B585-CB0.12;10
P041-B585-R0.15;10
P041-B585-S0.15;10
P042-585-B0.11;10
P042-585-CB0.11;10
P042-B585-B0.11;10
P042-B585-CB0.11;10
P043-585-B0.12;10
P043-B585-B0.12;10
P044-585-B0.09;10
P044-585-CB0.09;10
P044-B585-B0.09;10
P044-B585-CB0.09;10
P045-585-B0.04;10
P045-585-CB0.04;10
P045-B585-CB0.04;10
P045-B585-B0.04 ;10
P045-585-B0.04 ;10
P046-585-B0.08;10
P046-585-CB0.08;10
P046-B585-B0.08;10
P046-B585-CB0.08;10
P047-585-B0.09;10
P047-585-CB0.09;10
P047-B585-B0.09;10
P047-B585-CB0.09;10
P048-585-B0.025;10
P048-585-CB0.025;10
P048-B585-B0.025;10
P048-B585-CB0.025;10
P049-585-B0.015;10
P049-585-CB0.015;10
P049-B585-B0.015;10
P049-B585-CB0.015;10
P050-585-B0.10;10
P050-585-B0.18;10
P050-585-CB0.12;10
P050-585-R0.15;10
P050-585-R0.15CB;10
P050-585-S0.15;10
P050-585-S0.15CB;10
P050-B585-B0.10;10
P050-B585-B0.18;10
P050-B585-CB0.12;10
P050-B585-R0.15;10
P050-B585-R0.15CB;10
P050-B585-S0.15;10
P050-B585-S0.15CB;10
P051-585-B0.20;10
P051-B585-B0.20;10
P052-585-B0.40;10
P052-B585-B0.40;10
P053-585-BS0.60;10
P053-585-BS0.60CB;10
P053-B585-BS0.60;10
P053-B585-BS0.60CB;10
P054-585-A0.50B;10
P054-585-A0.50CB;10
P054-585-A0.50S;10
P054-585-BS0.60B;10
P054-585-BS0.60CB;10
P054-585-BS0.60NB;10
P054-585-BS0.60R;10
P054-585-BS0.60S;10
P054-585-BS0.60TA;10
P054-585-C0.50B;10
P054-585-C0.50NB;10
P054-585-CB0.50B;10
P054-585-CB0.50CB;10
P054-585-CB0.50NB;10
P054-585-CB0.50R;10
P054-585-CB0.50S;10
P054-585-CB0.50TA;10
P054-585-G0.60B;10
P054-585-G0.60CB;10
P054-585-G0.60R;10
P054-585-O0.60B;10
P054-585-O0.60NB;10
P054-585-T0.50B;10
P054-585-T0.50S;10
P054-585-T0.50TA;10
P054-B585-A0.50B;10
P054-B585-A0.50CB;10
P054-B585-A0.50S;10
P054-B585-BS0.60B;10
P054-B585-BS0.60CB;10
P054-B585-BS0.60NB;10
P054-B585-BS0.60R;10
P054-B585-BS0.60S;10
P054-B585-BS0.60TA;10
P054-B585-C0.50B;10
P054-B585-C0.50NB;10
P054-B585-CB0.50B;10
P054-B585-CB0.50CB;10
P054-B585-CB0.50NB;10
P054-B585-CB0.50R;10
P054-B585-CB0.50S;10
P054-B585-CB0.50TA;10
P054-B585-G0.60B;10
P054-B585-G0.60CB;10
P054-B585-G0.60R;10
P054-B585-O0.60B;10
P054-B585-O0.60NB;10
P054-B585-T0.50B;10
P054-B585-T0.50S;10
P054-B585-T0.50TA;10
P054-R585-A0.50B;10
P054-R585-A0.50CB;10
P054-R585-A0.50S;10
P054-R585-BS0.60B;10
P054-R585-BS0.60CB;10
P054-R585-BS0.60NB;10
P054-R585-BS0.60R;10
P054-R585-BS0.60S;10
P054-R585-BS0.60TA;10
P054-R585-C0.50B;10
P054-R585-C0.50NB;10
P054-R585-CB0.50B;10
P054-R585-CB0.50CB;10
P054-R585-CB0.50NB;10
P054-R585-CB0.50R;10
P054-R585-CB0.50S;10
P054-R585-CB0.50TA;10
P054-R585-G0.60B;10
P054-R585-G0.60CB;10
P054-R585-G0.60R;10
P054-R585-O0.60B;10
P054-R585-O0.60NB;10
P054-R585-T0.50B;10
P054-R585-T0.50S;10
P054-R585-T0.50TA;10
P055-585-B0.11;10
P055-B585-B0.11;10
P056-585-B0.03;10
P056-B585-B0.03;10
P057-585-CB0.07;10
P057-B585-CB0.07;10
P058-585-B0.04;10
P058-B585-B0.04;10
P059-585-B0.11;10
P059-585-CB0.02;10
P059-585-S0.05;10
P059-B585-B0.11;10
P059-B585-CB0.02;10
P059-B585-S0.05;10
P060-585-B0.15;10
P060-585-CB0.02;10
P060-585-S0.05;10
P060-B585-B0.15;10
P060-B585-CB0.02;10
P060-B585-S0.05;10
P061-585-B0.15;10
P061-585-B0.20;10
P061-585-B0.25;10
P061-B585-B0.15;10
P061-B585-B0.20;10
P061-B585-B0.25;10
P062-585-B;10
P062-585-BCZ;10
P062-585-BN;10
P062-585-C;10
P062-585-CB;10
P062-585-CN;10
P062-585-CR;10
P062-585-CZ;10
P062-585-CZB;10
P062-585-FB;10
P062-585-R;10
P062-585-RB;10
P064-333;10
P065-333;10
P066-333;10
P067-333;10
P068-333;10
P069-333;10
D335-585-09;10
D336-585-12;10
D337-585-12;10
D335-585-12;10
D335-585-21;10
D336-585-15;10
D336-585-18;10
D337-585-15;10
D337-585-18;0
D337-585-21;10
P070-585-BS0.60;10
P070-585-BS0.60CB;10
P070-585-CB0.50;10
P070-585-CB0.50CB;10
P070-585-G0.60;10
P070-B585-BS0.60;10
P070-B585-BS0.60CB;10
P070-B585-CB0.50;10
P070-B585-CB0.50CB;10
P070-B585-G0.60;10
P071-585-CB0.02;10
P071-B585-CB0.02;10
P072-585-RS0.45 ;10
P072-B585-RS0.45 ;10
P073-585-CB0.02;10
P073-B585-CB0.02;10
P074-585-CB0.50;10
P074-B585-CB0.50;10
P075-585-B0.08CB;10
P075-585-CB0.08;10
P075-B585-B0.08CB;10
P075-B585-CB0.08;10
P076-585-RS0.04 ;10
P076-B585-RS0.04 ;10
P077-585-B0.04;10
P077-B585-B0.04;10
P078-585-B0.08 ;10
P078-B585-B0.08 ;10
P079-585-B0.04;10
P079-B585-B0.04;10
P080-585-RS0.45 ;10
P080-B585-RS0.45 ;10
P081-585-RS0.45 ;10
P081-B585-RS0.45 ;10
P082-585-RS0.45 ;10
P082-B585-RS0.45 ;10
P089-333-C;10
P090-333-C;10
P091-333-C;10
P062-333-C;10
P084-333-C;10
P085-333-C;10
P086-333-C;10
P087-333-C;10
P088-333-C;10
P089-333-C;10
P090-333-C;10
P091-333-C;10
P093-333;10
SAT001-585-B0.10;10
SAT001-B585-B0.10;10
SAT002-585-B0.155;10
SAT002-B585-B0.155;10
SAT003-585-B0.105;10
SAT003-B585-B0.105;10
SAT004-585-B0.105;10
SAT004-B585-B0.105;10
SAT005-585-B0.10;10
SAT005-B585-B0.10;10
SAT006-585-B0.10;10
SAT006-B585-B0.10;10
SAT007-585-B0.225;10
SAT007-B585-B0.225;10
SAT008-585-B0.28;10
SAT008-B585-B0.28;10
SAT009-585-B0.205;10
SAT009-B585-B0.205;10
SAT010-585-B0.205;10
SAT010-B585-B0.205;10
SAT011-585-B0.11;10
SAT011-B585-B0.11;10
SAT012-585-B0.105;10
SAT012-B585-B0.105;10
SAT013-585-B0.005;10
SAT013-B585-B0.005;10
SAT014-585-B0.025;10
SAT014-B585-B0.025;10
W001-585-B0.04;10
W001-585-B0.10;10
W001-B585-B0.04;10
W001-B585-B0.10;10
W002-585-A0.50;10
W002-585-C0.60;10
W002-585-R0.80;10
W002-585-T0.60;10
W002-B585-A0.50;10
W002-B585-C0.60;10
W002-B585-R0.80;10
W002-B585-T0.60;10
W003-585-T0.70;10
W003-B585-T0.70;10
W004-585-B0.40;10
W004-B585-B0.40;10
W005-585-R0.60;10
W005-585-T0.50;10
W005-585-TA0.40;10
W005-B585-R0.60;10
W005-B585-T0.50;10
W005-B585-TA0.40;10
W006-585-S0.30;10
W006-B585-S0.30;10
W007-585-B0.08;10
W007-B585-B0.08;10
W008-585-B0.08;10
W008-B585-B0.08;10
W009-585-B0.44;10
W009-B585-B0.44;10
W010-585-A0.50;10
W010-585-R0.60;10
W010-585-S0.50;10
W010-585-T0.50;10
W010-B585-A0.50;10
W010-B585-R0.60;10
W010-B585-S0.50;10
W010-B585-T0.50;10
W011-585-B0.26;10
W011-B585-B0.26;10
W012-585-R1.70;10
W012-585-T1.20;0
W012-B585-R1.70;10
W012-B585-T1.20;0
W013-585-B0.10;10
W013-B585-B0.10;10
W014-585-A0.50;10
W014-585-R0.60;10
W014-585-S0.50;10
W014-585-T0.50;10
W014-B585-A0.50;10
W014-B585-R0.60;10
W014-B585-S0.50;10
W014-B585-T0.50;10
W015-585-B0.25;10
W015-B585-B0.25;10
W016-585-B0.33;10
W016-B585-B0.33;10
W017-585-A0.50;10
W017-585-R0.60;10
W017-585-S0.50;10
W017-585-T0.50;10
W017-B585-A0.50;10
W017-B585-R0.60;10
W017-B585-S0.50;10
W017-B585-T0.50;10
W018-585-B0.20;10
W018-B585-B0.20;10
W019-585-R0.60;10
W019-585-S0.70;10
W019-585-T0.50;10
W019-585-TA0.40;10
W019-B585-R0.60;10
W019-B585-S0.70;10
W019-B585-T0.50;10
W019-B585-TA0.40;10
W020-585-B0.03;10
W020-B585-B0.03;10
W021-585-B0.10;10
W021-B585-B0.10;10
W022-585-B0.04;10
W022-B585-B0.04;10
W023-585-B0.84;10
W023-B585-B0.84;10
W025-585-B0.05;10
W025-B585-B0.05;10
W026-585-S0.70;10
W026-B585-S0.70;10
W027-585-B0.05;10
W027-B585-B0.05;10
W029-585-B0.05;10
W029-B585-B0.05;10
W030-585-B0.05;10
W030-585-B0.10;10
W030-B585-B0.05;10
W030-B585-B0.10;10
W031-585-R1.70;10
W031-585-T1.20;0
W031-B585-R1.70;10
W031-B585-T1.20;0
W033-585-B0.30;10
W033-B585-B0.30;10
W034-585-B0.13;10
W034-585-C;0
W034-B585-B0.13;10
W036-585-B0.10;10
W036-585-B0.23;10
W036-585-C;10
W036-B585-B0.10;10
W036-B585-B0.23;10
W037-585-R1.00;10
W037-585-S0.90;10
W037-585-SZ0.80;10
W037-585-T0.90;10
W037-B585-R1.00;10
W037-B585-S0.90;10
W037-B585-SZ0.80;10
W037-B585-T0.90;10
W038-585-T2.40;10
W038-B585-T2.40;10
W039-585-T0.70;10
W039-B585-T0.70;10
W040-585-O1.00;10
W040-585-T1.10;10
W040B-585-G1.30;10
W040-B585-O1.00;10
W040B-585-O1.10;10
W040-B585-T1.10;10
W040B-585-T1.40;10
W040B-B585-G1.30;10
W040B-B585-O1.10;10
W040B-B585-T1.40;10
W041-585-B0.17;10
W041-B585-B0.17;10
W042-585-B0.13;10
W042-B585-B0.13;10
W043-585-B0.33;10
W043-585-S0.50;10
W043-585-SZ0.50;10
W043-585-T0.50;10
W043-585-TA0.50;10
W043-B585-B0.33;10
W043-B585-S0.50;10
W043-B585-SZ0.50;10
W043-B585-T0.50;10
W043-B585-TA0.50;10
W044-585-T0.70;10
W044-B585-T0.70;10
W045-333-C;50
W045-585-B0.10;10
W045-585-C;10
W045-B585-B0.10;10
W046-585-T0.50;10
W046-B585-T0.50;10
W047-585-B0.10;10
W047-585-B0.30;10
W047-B585-B0.10;10
W047-B585-B0.30;10
W048-585-T1.70;10
W048-B585-T1.70;10
W049-585-B0.10;10
W049-B585-B0.10;10
W050-585-R1.70;10
W050-585-T1.20;0
W050-B585-R1.70;10
W050-B585-T1.20;0
W051-585-B0.04;10
W051-B585-B0.04;10
W052-585-B0.36;10
W052-585-B0.62;10
W052-B585-B0.36;10
W052-B585-B0.62;10
W053-585-B0.10;10
W053-585-C;10
W053-B585-B0.10;10
W054-585-B0.10;10
W054-B585-B0.10;10
W055-585-B0.12;10
W055-B585-B0.12;10
W056-333-G;10
W056-333-C;10
W056-585-B0.17;10
W056-B585-B0.17;10
W057-585-B0.10;10
W057-B585-B0.10;10
W058-585-B0.12;10
W058-B585-B0.12;10
W059-585-B0.48;10
W059-B585-B0.48;10
W061-585-B0.15;10
W061-B585-B0.15;10
W062-585-B0.15;10
W062-585-C;10
W062-B585-B0.15;10
W064-585-B0.03;10
W064-585-C;10
W064-B585-B0.03;10
W065-585-T0.30;10
W065-B585-T0.30;10
W066-585-A0.50;10
W066-585-O0.60;10
W066-585-R0.60;10
W066-585-T0.50;10
W066-B585-A0.50;10
W066-B585-O0.60;10
W066-B585-R0.60;10
W066-B585-T0.50;10
W067-585-R0.60;10
W067-585-S0.70;10
W067-585-T0.50;10
W067-585-TA0.40;10
W067-B585-R0.60;10
W067-B585-S0.70;10
W067-B585-T0.50;10
W067-B585-TA0.40;10
W068-585-R0.60;10
W068-585-S0.70;10
W068-585-T0.50;10
W068-585-TA0.40;10
W068-B585-R0.60;10
W068-B585-S0.70;10
W068-B585-T0.50;10
W068-B585-TA0.40;10
W069-585-B0.22;10
W069-B585-B0.22;10
W070-585-B0.10;10
W070-B585-B0.10;10
W071-585-B0.10;10
W071-B585-B0.10;10
W072-585-A0.10;10
W072-585-B0.22;10
W072-585-R0.15;10
W072-585-S0.15;10
W072-585-TA0.15;10
W072-B585-A0.10;10
W072-B585-B0.22;10
W072-B585-R0.15;10
W072-B585-S0.15;10
W072-B585-TA0.15;10
W074-585-A0.50;10
W074-585-O0.60;10
W074-585-R0.60;10
W074-585-T0.50;10
W074-B585-A0.50;10
W074-B585-O0.60;10
W074-B585-R0.60;10
W074-B585-T0.50;10
W075-585-A0.50;10
W075-585-S0.50;10
W075-585-T0.50;10
W075-B585-A0.50;10
W075-B585-S0.50;10
W075-B585-T0.50;10
W076-585-A0.50;10
W076-585-R0.60;10
W076-585-S0.50;10
W076-585-T0.50;10
W076-B585-A0.50;10
W076-B585-R0.60;10
W076-B585-S0.50;10
W076-B585-T0.50;10
W077-585-S0.70;10
W077-585-SZ0.40;10
W077-B585-S0.70;10
W077-B585-SZ0.40;10
W078-585-R0.80;10
W078-585-S0.60;10
W078-585-T0.65;10
W078-B585-R0.80;10
W078-B585-S0.60;10
W078-B585-T0.65;10
W079-585-T0.70;10
W079-B585-T0.70;10
W080-585-T1.70;10
W080-B585-T1.70;10
W081-585-B0.15;10
W081-B585-B0.15;10
W082-585-B0.08;10
W082-B585-B0.08;10
W083-585-B0.10;10
W083-B585-B0.10;10
W084-585-A0.50;10
W084-585-O0.60;10
W084-585-S0.50;10
W084-B585-A0.50;10
W084-B585-O0.60;10
W084-B585-S0.50;10
W086-585-B0.30;10
W086-B585-B0.30;10
W087-585-C0.50;10
W087-585-T0.50;10
W087-585-TA0.50;10
W087-B585-C0.50;10
W087-B585-T0.50;10
W087-B585-TA0.50;10
W088-585-B0.04;10
W088-585-B0.10;10
W088-B585-B0.04;10
W088-B585-B0.10;10
W090-585-B0.06;10
W090-B585-B0.06;10
W091-585-B0.09;10
W091-585-CB0.06;10
W091-B585-B0.09;10
W091-B585-CB0.06;10
W093-585-B0.08;10
W093-B585-B0.08;10
W094-585-A0.50;10
W094-585-C0.60;10
W094-585-G0.70;10
W094-585-T0.65;10
W094-B585-A0.50;10
W094-B585-C0.60;10
W094-B585-G0.70;10
W094-B585-T0.65;10
W096-585-B0.07;10
W096-585-CB0.07;10
W096-B585-B0.07;10
W096-B585-CB0.07;10
W099-585-T0.90;10
W099-B585-T0.90;10
W100-585-B0.04;10
W100-585-CB0.04;10
W100-B585-B0.04;10
W100-B585-CB0.04;10
W102-585-C0.50;10
W102-585-G0.60;10
W102-585-T0.50;10
W102-B585-C0.50;10
W102-B585-G0.60;10
W102-B585-T0.50;10
W103-585-G1.30;10
W103-585-O1.10;10
W103-585-T1.40;10
W103-B585-G1.30;10
W103-B585-O1.10;10
W103-B585-T1.40;10
W104-585-B0.12;10
W104-B585-B0.12;10
W105-585-R0.80;10
W105-585-S0.60;10
W105-585-T0.65;10
W105-B585-R0.80;10
W105-B585-S0.60;10
W105-B585-T0.65;10
W106-585-A0.50;10
W106-585-C0.50;10
W106-585-G0.60;10
W106-585-T0.50;10
W106-B585-A0.50;10
W106-B585-C0.50;10
W106-B585-G0.60;10
W106-B585-T0.50;10
W107-585-CB0.02;10
W107-B585-CB0.02;10
W109-585-B0.02;10
W109-B585-B0.02;10
W111-585-B0.04;10
W111-585-B0.10;10
W111-B585-B0.04;10
W111-B585-B0.10;10
W114-585-B0.03;10
W114-B585-B0.03;10
W116-333-C;10
W116-585-B0.06;10
W116-585-C;10
W116-B585-B0.06;10
W118-333-C;10
W118-585-B0.02;10
W118-585-C;10
W118-B585-B0.02;10
W119-585-S0.70;10
W119-585-SZ0.40;10
W119-585-T0.50;10
W119-585-TA0.40;10
W119-B585-S0.70;10
W119-B585-SZ0.40;10
W119-B585-T0.50;10
W119-B585-TA0.40;10
W120-585-A0.50;10
W120-585-C0.50;10
W120-585-G0.60;10
W120-585-T0.50;10
W120-B585-A0.50;10
W120-B585-C0.50;10
W120-B585-G0.60;10
W120-B585-T0.50;10
W124-585-B0.10;10
W124-585-B0.30;10
W124-585-C;10
W124-B585-B0.10;10
W124-B585-B0.30;10
W125-585-B0.08;10
W125-B585-B0.08;10
W128-585-B0.10;10
W128-B585-B0.10;10
W129-585-B0.10;10
W129-B585-B0.10;10
W131-585-B0.10;10
W131-585-B0.25;10
W131-B585-B0.10;10
W131-B585-B0.25;10
W133-585-B0.15;10
W133-585-C;10
W133-B585-B0.15;10
W134-585-B0.10;10
W134-B585-B0.10;10
W137-585-B0.04;10
W137-B585-B0.04;10
W138-585-B0.25;10
W138-585-C;10
W138-B585-B0.25;10
W148-585-T1.70;10
W148-B585-T1.70;10
W149-585-B0.30;10
W149-B585-B0.30;10
W150-585-T3.00;10
W150-B585-T3.00;10
W152-585-B0.10;10
W152-B585-B0.10;10
W154-585-B0.14;10
W154-B585-B0.14;10
W155-585-B0.12;10
W155-585-B0.30;10
W155-585-B0.50;10
W155-B585-B0.12;10
W155-B585-B0.30;10
W156-585-B0.05;10
W156-585-B0.10;10
W156-B585-B0.05;10
W156-B585-B0.10;10
W156L-333-C;10
W157-333-C;10
W157-585-B0.10;10
W157-B585-B0.10;10
W158-585-B0.05;10
W158-B585-B0.05;10
W159-585-B0.12;10
W159-B585-B0.12;10
W160-585-B0.13;10
W160-585-C;10
W160-B585-B0.13;10
W161-585-B0.20;10
W161-B585-B0.20;10
W162-585-B0.25;10
W162-B585-B0.25;10
W163-585-B0.10;10
W163-585-B0.30;10
W163-B585-B0.10;10
W163-B585-B0.30;10
W171-585-B0.12;10
W171-B585-B0.12;10
W173-585-B0.15;10
W173-B585-B0.15;10
W175-585-B0.03;10
W175-B585-B0.03;10
W176-585-B0.02;10
W176-B585-B0.02;10
W177-585-B0.16;10
W177-B585-B0.16;10
W178-585-B0.04;10
W178-585-B0.10;10
W178-B585-B0.04;10
W178-B585-B0.10;10
W179-585-B0.02;10
W179-B585-B0.02;10
W180-585-B0.10;10
W180-B585-B0.10;10
W181-585-B0.04;10
W181-B585-B0.04;10
W182-585-R0.60;10
W182-585-R1.00;10
W182-585-S0.70;10
W182-585-S0.90;10
W182-B585-R0.60;10
W182-B585-R1.00;10
W182-B585-S0.70;10
W182-B585-S0.90;10
W183-585-B0.03;10
W183-B585-B0.03;10
W184-585-B0.17;10
W184-B585-B0.17;10
W185-585-R0.15;10
W185-585-S0.15;10
W185-585-TA0.15;10
W185-B585-R0.15;10
W185-B585-S0.15;10
W185-B585-TA0.15;10
W186-585-B0.04;10
W186-B585-B0.04;10
W187-585-B0.04;10
W187-B585-B0.04;10
W188-585-B0.02;10
W188-B585-B0.02;10
W189-585-B0.02;10
W189-585-C;10
W189-B585-B0.02;10
W189L-333-C;50
W190-585-B0.04;10
W190-B585-B0.04;10
W190B-585-B0.08;10
W190B-585-B0.10;10
W190B-B585-B0.08;10
W190B-B585-B0.10;10
W191-585-B0.04;10
W191-B585-B0.04;10
W191B-585-B0.10;10
W191B-B585-B0.10;10
W191L-333-C;10
W192-585-B0.02;10
W192-B585-B0.02;10
W193-585-B0.02;10
W193-B585-B0.02;10
W194-585-B0.04;10
W194-B585-B0.04;10
W195-585-B0.04;10
W195-B585-B0.04;10
W196-585-B0.02;10
W196-B585-B0.02;10
W197-585-B0.24;10
W197-B585-B0.24;10
W198-585-B0.42;10
W198-B585-B0.42;10
W199-585-B0.42;10
W199-B585-B0.42;10
W200-585-B0.36;10
W200-B585-B0.36;10
W201-585-B0.24;10
W201-B585-B0.24;10
W202-585-B0.30;10
W202-B585-B0.30;10
W203-585-B0.23;10
W203-B585-B0.23;10
W204-585-B0.04;10
W204-B585-B0.04;10
W205-585-B0.05;10
W205-B585-B0.05;10
W206-585-S1.00;10
W206-B585-S1.00;10
W207-585-B0.08;10
W207-585-B0.10;10
W207-B585-B0.08;10
W207-B585-B0.10;10
W207L-333-C;10
W208-585-B0.08;10
W208-585-B0.10;10
W208-B585-B0.08;10
W208-B585-B0.10;10
W209-585-B0.08;10
W209-585-B0.10;10
W209-B585-B0.08;10
W209-B585-B0.10;10
W210-585-B0.08;10
W210-585-B0.10;10
W210-B585-B0.08;10
W210-B585-B0.10;10
W211-333-C;10
W211-585-B0.08;10
W211-585-B0.10;10
W211-585-C;10
W211-B585-B0.08;10
W211-B585-B0.10;10
W214-585-B0.09;10
W214-B585-B0.09;10
W215-585-B0.27;10
W215-585-CB0.09;10
W215-B585-B0.27;10
W215-B585-CB0.09;10
W220-333-C;10
W220-585-B0.10;10
W220-585-B0.20;10
W220-B585-B0.10;10
W220-B585-B0.20;10
W220B-585-B0.30;10
W220B-585-B0.50;10
W220B-585-B0.70;10
W220B-585-B1.00;10
W220B-585-B1.00GSI2;0
W220B-B585-B0.30;10
W220B-B585-B0.50;10
W220B-B585-B0.70;10
W220B-B585-B1.00;10
W221-585-B0.08;10
W221-585-B0.10;10
W221-B585-B0.08;10
W221-B585-B0.10;10
W221B-585-B0.25;10
W221B-585-B0.30;10
W221B-B585-B0.25;10
W221B-B585-B0.30;10
W222-585-B0.04;10
W222-585-B0.08;10
W222-585-B0.10;10
W222-585-S0.15;10
W222-B585-B0.04;10
W222-B585-B0.08;10
W222-B585-B0.10;10
W222B-585-B0.25;10
W222B-585-B0.30;10
W222-B585-S0.15;10
W222B-B585-B0.25;10
W222B-B585-B0.30;10
W223-585-B0.08;10
W223-585-B0.10;10
W223-585-C;10
W223-B585-B0.08;10
W223-B585-B0.10;10
W223B-585-B0.25;10
W223B-585-B0.30;10
W223B-B585-B0.25;10
W223B-B585-B0.30;10
W224-585-B0.08;10
W224-585-B0.10;10
W224-B585-B0.08;10
W224-B585-B0.10;10
W224B-585-B0.25;10
W224B-585-B0.30;10
W224B-B585-B0.25;10
W224B-B585-B0.30;10
W225-585-B0.08;10
W225-585-B0.10;10
W225-B585-B0.08;10
W225-B585-B0.10;10
W225B-585-B0.25;10
W225B-585-B0.30;10
W225B-B585-B0.25;10
W225B-B585-B0.30;10
W226-585-B0.08;10
W226-585-B0.10;10
W226-B585-B0.08;10
W226-B585-B0.10;10
W226B-585-B0.25;10
W226B-585-B0.30;10
W226B-B585-B0.25;10
W226B-B585-B0.30;10
W228-585-B0.15;10
W228-585-B0.30;10
W228-585-B0.40;10
W228-B585-B0.15;10
W228-B585-B0.30;10
W228-B585-B0.40;10
W229-585-B0.10;10
W229-B585-B0.10;10
W229B-585-B0.25;10
W229B-585-B0.30;10
W229B-B585-B0.25;10
W229B-B585-B0.30;10
W230-585-B0.08;10
W230-585-B0.10;10
W230-B585-B0.08;10
W230-B585-B0.10;10
W231-585-B0.08;10
W231-585-B0.10;10
W231-B585-B0.08;10
W231-B585-B0.10;10
W231B-585-B0.25;10
W231B-585-B0.30;10
W231B-B585-B0.25;10
W231B-B585-B0.30;10
W232-585-B0.08;10
W232-585-B0.10;10
W232-B585-B0.08;10
W232-B585-B0.10;10
W233-585-B0.50;10
W233-B585-B0.50;10
W234-585-B0.25;10
W234-585-B0.30;10
W234-585-B1.00;10
W234-B585-B0.25;10
W234-B585-B0.30;10
W234-B585-B1.00;10
W235-585-B0.05;10
W235-585-C;10
W235-B585-B0.05;10
W237-333-C;10
W237-585-B0.11;10
W237-585-C;10
W237-B585-B0.11;10
W238-585-B0.20;10
W238-585-R0.15;10
W238-585-S0.15;10
W238-585-TA0.15;10
W238-B585-B0.20;10
W238-B585-R0.15;10
W238-B585-S0.15;10
W238-B585-TA0.15;10
W239-585-B0.20;10
W239-585-C;10
W239-B585-B0.20;10
W240-585-B0.20;10
W240-B585-B0.20;10
W241-585-B0.20;10
W241-B585-B0.20;10
W242-585-B0.20;10
W242-B585-B0.20;10
W243-585-B0.20;10
W243-585-C;10
W243-B585-B0.20;10
W244-585-B0.20;10
W244-585-C;10
W244-B585-B0.20;10
W245-585-B0.10;10
W245-B585-B0.10;10
W246-585-B0.12;10
W246-B585-B0.12;10
W247-585-B0.09;10
W247-B585-B0.09;10
W248-585-B0.10;10
W248-B585-B0.10;10
W249-585-B0.10;10
W249-B585-B0.10;10
W250-585-B0.10;10
W250-B585-B0.10;10
W252-585-B0.12;10
W252-B585-B0.12;10
W253-585-B0.12;10
W253-B585-B0.12;10
W254-585-B0.10;10
W254-B585-B0.10;10
W255-585-B0.10;10
W255-B585-B0.10;10
W256-585-B0.15;10
W256-B585-B0.15;10
W257-585-B0.15;10
W257-B585-B0.15;10
W258-585-B0.19;10
W258-B585-B0.19;10
W259-585-B0.15;10
W259-B585-B0.15;10
W260-585-B0.15;10
W260-B585-B0.15;10
W261-585-B0.15;10
W261-B585-B0.15;10
W262-585-B0.19;10
W262-B585-B0.19;10
W263-585-B0.15;10
W263-B585-B0.15;10
W264-585-R0.60;10
W264-585-S0.70;10
W264-585-SZ0.40;10
W264-585-T0.50;10
W264-B585-R0.60;10
W264-B585-S0.70;10
W264-B585-SZ0.40;10
W264-B585-T0.50;10
W267-585-B0.30;10
W267-B585-B0.30;10
W268-585-B0.07;10
W268-B585-B0.07;10
W269-585-B0.10;10
W269-B585-B0.10;10
W271-585-B0.29;10
W271-585-R0.20;10
W271-585-S0.20;10
W271-585-SZ0.15;10
W271-B585-B0.29;10
W271-B585-R0.20;10
W271-B585-S0.20;10
W271-B585-SZ0.15;10
W272-585-B0.31;10
W272-B585-B0.31;10
W273-585-B0.19;10
W273-B585-B0.19;10
W274-585-A0.90;10
W274-585-R1.20;10
W274-585-S1.00;10
W274-585-T0.80;10
W274-B585-A0.90;10
W274-B585-R1.20;10
W274-B585-S1.00;10
W274-B585-T0.80;10
W275-585-B0.09;10
W275-B585-B0.09;10
W276-333-C;10
W276-585-B0.04;10
W276-585-C;10
W276-B585-B0.04;10
W277-585-B0.08;10
W277-B585-B0.08;10
W278-585-B0.15;10
W278-B585-B0.15;10
W279-333-C;10
W279-585-B0.04;10
W279-B585-B0.04;10
W284-585-R0.60;10
W284-585-S0.50;10
W284-B585-R0.60;10
W284-B585-S0.50;10
W285-585-B0.04;10
W285-B585-B0.04;10
W286-333-C;10
W286-585-B0.04;10
W286-585-C;10
W286-B585-B0.04;10
W287-585-B0.06;10
W287-B585-B0.06;10
W288-585-B0.13;10
W288-585-B0.28;10
W288-B585-B0.13;10
W288-B585-B0.28;10
W290-585-B0.03;10
W290-B585-B0.03;10
W291-585-B0.25;10
W291-B585-B0.25;10
W292-585-B0.20;10
W292-B585-B0.20;10
W293-585-B0.20;10
W293-B585-B0.20;10
W294-585-B0.10;10
W294-585-B0.15;10
W294-585-B0.20;10
W294-585-B0.30;10
W294-B585-B0.10;10
W294-B585-B0.15;10
W294-B585-B0.20;10
W294-B585-B0.30;10
W295-585-B0.12;10
W295-B585-B0.12;10
W296-585-B0.25;10
W296-585-B0.30;10
W296-B585-B0.25;10
W296-B585-B0.30;10
W297-585-CB0.05;10
W297-585-CB0.14;10
W297-B585-CB0.05;10
W297-B585-CB0.14;10
W298-585-B0.25;10
W298-B585-B0.25;10
W299-585-B0.12;10
W299-B585-B0.12;10
W300-585-B0.10;10
W300-585-B0.12;10
W300-B585-B0.10;10
W300-B585-B0.12;10
W301-585-R0.60;10
W301-585-S0.70;10
W301-585-TA0.40;10
W301-B585-R0.60;10
W301-B585-S0.70;10
W301-B585-TA0.40;10
W302-585-B0.25;10
W302-B585-B0.25;10
W303-585-R0.60;10
W303-585-S0.70;10
W303-585-TA0.40;10
W303-B585-R0.60;10
W303-B585-S0.70;10
W303-B585-TA0.40;10
W304-585-R0.60;10
W304-585-S0.70;10
W304-585-TA0.40;10
W304-B585-R0.60;10
W304-B585-S0.70;10
W304-B585-TA0.40;10
W305-585-B0.07;10
W305-585-C;10
W305-B585-B0.07;10
W306-585-B0.09;10
W306-585-C;10
W306-B585-B0.09;10
W306-R585-B0.09;10
W307-585-C2.00;10
W307-585-T2.60;10
W307-B585-C2.00;10
W307-B585-T2.60;10
W308-585-R1.00;10
W308-585-S0.90;10
W308-585-TA0.70;10
W308-B585-R1.00;10
W308-B585-S0.90;10
W308-B585-TA0.70;10
W309-585-S1.50;10
W309-B585-S1.50;10
W310-585-R1.10;10
W310-B585-R1.10;10
W311-585-B0.09;10
W311-B585-B0.09;10
W312-585-R0.60;10
W312-585-S0.70;10
W312-B585-R0.60;10
W312-B585-S0.70;10
W313-585-T3.00;10
W313-B585-T3.00;10
W314-585-B0.04;10
W314-B585-B0.04;10
W315-585-R0.20;10
W315-585-S0.20;10
W315-B585-R0.20;10
W315-B585-S0.20;10
W317-585-B0.20;10
W317-B585-B0.20;10
W318-585-B0.10;10
W318-B585-B0.10;10
W319-585-B0.10;10
W319-585-B0.50;10
W319-585-B0.70;10
W319-B585-B0.10;10
W319-B585-B0.50;10
W319-B585-B0.70;10
W320-585-B0.09;10
W320-585-B0.30;10
W320-585-B0.50;10
W320-585-C;10
W320-B585-B0.09;10
W320-B585-B0.30;10
W320-B585-B0.50;10
W321-585-S0.05;10
W321-B585-S0.05;10
W322-585-B0.04;10
W322-B585-B0.04;10
W323-585-S0.30;10
W323-B585-S0.30;10
W324-585-B0.04;10
W324-B585-B0.04;10
W325-585-B0.06;10
W325-B585-B0.06;10
W327-585-B0.24;10
W327-585-R0.20;10
W327-585-S0.20;10
W327-B585-B0.24;10
W327-B585-R0.20;10
W327-B585-S0.20;10
W328-585-B0.11;10
W328-B585-B0.11;10
W329-585-B0.10;10
W329-B585-B0.10;10
W330-585-R0.60;10
W330-585-S0.70;10
W330-585-TA0.40;10
W330-B585-R0.60;10
W330-B585-S0.70;10
W330-B585-TA0.40;10
W331-585-B0.10;10
W331-B585-B0.10;10
W332-333-C;10
W332-585-B0.09;10
W332-B585-B0.09;10
W333-585-B0.09;10
W333-B585-B0.09;10
W334-585-B0.09;10
W334-B585-B0.09;10
W335-333-C;10
W335-585-B0.15;10
W335-585-C;10
W335-B585-B0.15;10
W336-585-B0.15;10
W336-B585-B0.15;10
W337-585-B0.15;10
W337-B585-B0.15;10
W338-585-B0.31;10
W338-B585-B0.31;10
W339-585-B0.37;10
W339-B585-B0.37;10
W340-585-B0.12;10
W340-B585-B0.12;10
W340B-585-B0.23;10
W340B-B585-B0.23;10
W341-585-B0.30;10
W341-B585-B0.30;10
W342-585-B0.28;10
W342-B585-B0.28;10
W343-585-B0.10;10
W343-B585-B0.10;10
W344-585-B0.49;10
W344-B585-B0.49;10
W345-585-B0.50;10
W345-B585-B0.50;10
W346-585-B0.12;10
W346-B585-B0.12;10
W346B-585-B0.28;10
W346B-585-S0.30;10
W346B-B585-B0.28;10
W346B-B585-S0.30;10
W347-585-B0.30;10
W347-B585-B0.30;10
W348-585-B0.50;10
W348-B585-B0.50;10
W349-585-B0.20;10
W349-B585-B0.20;10
W350-585-B0.30;10
W350-B585-B0.30;10
W352-585-B0.26;10
W352-B585-B0.26;10
W353-585-B0.08;10
W353-B585-B0.08;10
W354-585-S0.70;10
W354-B585-S0.70;10
W355-585-B0.40;10
W355-B585-B0.40;10
W356-585-B0.45;10
W356-B585-B0.45;10
W357-585-B0.25;10
W357-B585-B0.25;10
W358-585-S1.70;10
W358-B585-S1.70;10
W359-585-R0.60;10
W359-585-S0.70;10
W359-B585-R0.60;10
W359-B585-S0.70;10
W360-585-B0.08;10
W360-B585-B0.08;10
W361-585-B0.08;10
W361-B585-B0.08;10
W362-585-B0.22;10
W362-B585-B0.22;10
W363-585-B0.51;10
W363-B585-B0.51;10
W364-585-B0.44;10
W364-B585-B0.44;10
W365-585-B0.15;10
W365-B585-B0.15;10
W366-585-B0.09;10
W366-585-B0.15;10
W366-B585-B0.09;10
W366-B585-B0.15;10
W367-585-B0.15;10
W367-B585-B0.15;10
W368-585-B0.37;10
W368-B585-B0.37;10
W369-585-B0.15;10
W369-B585-B0.15;10
W370-585-B0.09;10
W370-B585-B0.09;10
W371-585-B0.09;10
W371-B585-B0.09;10
W372-585-B0.19;10
W372-B585-B0.19;10
W373-585-B0.09;10
W373-B585-B0.09;10
W374-585-B0.23;10
W374-B585-B0.23;10
W375-585-B0.23;10
W375-B585-B0.23;10
W376-585-B0.19;10
W376-B585-B0.19;10
W377-585-B0.33;10
W377-B585-B0.33;10
W378-585-B0.21;10
W378-B585-B0.21;10
W379-585-B0.23;10
W379-B585-B0.23;10
W380-585-B0.09;10
W380-B585-B0.09;10
W381-585-B0.18;10
W381-B585-B0.18;10
W382-585-B0.22;10
W382-B585-B0.22;10
W383-333-C;10
W383-585-B0.09;10
W383-B585-B0.09;10
W384-585-B0.35;10
W384-B585-B0.35;10
W385-585-B0.09;10
W385-B585-B0.09;10
W386-585-B0.09;10
W386-B585-B0.09;10
W387-585-B0.23;10
W387-B585-B0.23;10
W388-585-B0.23;10
W388-B585-B0.23;10
W389-585-B0.35;10
W389-B585-B0.35;10
W390-585-B0.25;10
W390-B585-B0.25;10
W391-585-B0.30;10
W391-B585-B0.30;10
W392-585-B0.15;10
W392-B585-B0.15;10
W393-585-B0.21;10
W393-B585-B0.21;10
W394-585-B0.24;10
W394-B585-B0.24;10
W395-585-B0.09;10
W395-B585-B0.09;10
W396-585-B0.28;10
W396-B585-B0.28;10
W398-585-B0.42;10
W398-B585-B0.42;10
W399-585-B0.21;10
W399-B585-B0.21;10
W400-585-T2.40;10
W400-B585-T2.40;10
W401-585-B0.10;10
W401-B585-B0.10;10
W402-585-B0.16;10
W402-B585-B0.16;10
W403-585-R0.80;10
W403-585-S0.60;10
W403-B585-R0.80;10
W403-B585-S0.60;10
W404-585-B0.50;10
W404-B585-B0.50;10
W405-585-B0.23;10
W405-B585-B0.23;10
W406-585-B0.28;10
W406-B585-B0.28;10
W406B-585-B1.37;10
W406B-B585-B1.37;10
W407-585-B0.09;10
W407-B585-B0.09;10
W408-585-B0.25;10
W408-B585-B0.25;10
W409-585-B0.60;10
W409-B585-B0.60;10
W410-585-B0.18;10
W410-B585-B0.18;10
W411-585-B0.13;10
W411-585-S0.15;10
W411-B585-B0.13;10
W411-B585-S0.15;10
W412-585-B0.19;10
W412-B585-B0.19;10
W413-585-B0.19;10
W413-B585-B0.19;10
W414-585-B0.12;10
W414-585-R0.15;10
W414-585-S0.15;10
W414-B585-B0.12;10
W414-B585-R0.15;10
W414-B585-S0.15;10
W415-585-B0.13;10
W415-B585-B0.13;10
W416-585-B0.18;10
W416-B585-B0.18;10
W417-585-B0.05;10
W417-B585-B0.05;10
W418-585-B0.20;10
W418-B585-B0.20;10
W419-585-B0.11;10
W419-B585-B0.11;10
W420-585-B0.12;10
W420-B585-B0.12;10
W421-585-B0.12;10
W421-B585-B0.12;10
W422-585-S0.60;10
W422-B585-S0.60;10
W423-585-B0.50;10
W423-B585-B0.50;10
W424-585-B0.06;10
W424-B585-B0.06;10
W425-585-B0.10;10
W425-B585-B0.10;10
W425-R585-B0.10;10
W426-585-B0.05;10
W426-B585-B0.05;10
W427-585-B0.11;10
W427-B585-B0.11;10
W428-585-B0.13;10
W428-585-R0.15;10
W428-585-S0.15;10
W428-B585-B0.13;10
W428-B585-R0.15;10
W428-B585-S0.15;10
W429-585-B0.20;10
W429-B585-B0.20;10
W430-585-B0.10;10
W430-B585-B0.10;10
W431-585-B0.35;10
W431-B585-B0.35;10
W432-585-B0.12;10
W432-B585-B0.12;10
W433-585-B0.10;10
W433-B585-B0.10;10
W434-585-B0.28;10
W434-B585-B0.28;10
W435-585-B0.15;10
W435-B585-B0.15;10
W436-585-B0.12;10
W436-B585-B0.12;10
W437-585-B0.18;10
W437-B585-B0.18;10
W439-585-B0.56;10
W439-B585-B0.56;10
W440-585-NB0.35;10
W440-B585-NB0.35;10
W441-585-NB0.20;10
W441-B585-NB0.20;10
W442-585-B0.19;10
W442-B585-B0.19;10
W443-585-NB0.15;10
W443-B585-NB0.15;10
W444-585-B0.18;10
W444-B585-B0.18;10
W445-585-B0.12;10
W445-B585-B0.12;10
W446-585-B0.20;10
W446-B585-B0.20;10
W447-585-B0.20;10
W447-B585-B0.20;10
W448-585-B0.13;10
W448-B585-B0.13;10
W449-585-B0.17;10
W449-585-R0.15;10
W449-585-S0.15;10
W449-B585-B0.17;10
W449-B585-R0.15;10
W449-B585-S0.15;10
W450-585-B0.10;10
W450-B585-B0.10;10
W450B-585-B0.15;10
W450B-B585-B0.15;10
W451-585-R0.60;10
W451-585-S0.50;10
W451-B585-R0.60;10
W451-B585-S0.50;10
W452-585-B0.23;10
W452-B585-B0.23;10
W453-585-B0.20;10
W453-B585-B0.20;10
W454-585-B0.20;10
W454-B585-B0.20;10
W455-585-S0.60;10
W455-B585-S0.60;10
W456-585-B0.09;10
W456-B585-B0.09;10
W458-585-B0.13;10
W458-B585-B0.13;10
W459-585-B0.17;10
W459-B585-B0.17;10
W459B-585-B0.37;10
W459B-B585-B0.37;10
W460-585-B0.20;10
W460-B585-B0.20;10
W460B-585-B0.23;10
W460B-B585-B0.23;10
W461-585-B0.01;10
W461-585-B0.03;10
W461-585-B0.08;10
W461-B585-B0.01;10
W461-B585-B0.03;10
W461-B585-B0.08;10
W462-585-B0.21;10
W462-B585-B0.21;10
W463-585-B0.02;10
W463-B585-B0.02;10
W464-585-B0.02;10
W464-B585-B0.02;10
W465-585-B0.02;10
W465-B585-B0.02;10
W466-585-B0.11;10
W466-B585-B0.11;10
W467-585-B0.07;10
W467-B585-B0.07;10
W468-585-B0.08;10
W468-B585-B0.08;10
W469-585-B0.03;10
W469-B585-B0.03;10
W470-585-B0.03;10
W470-B585-B0.03;10
W471-585-B0.03;10
W471-B585-B0.03;10
W472-585-B0.08;10
W472-B585-B0.08;10
W473-585-B0.16;10
W473-B585-B0.16;10
W474-585-B0.13;10
W474-B585-B0.13;10
W475-585-B0.08;10
W475-B585-B0.08;10
W478-585-KD2.00;10
W478-B585-KD2.00;10
W479-585-B0.03;10
W479-B585-B0.03;10
W480-585-B0.08;10
W480-B585-B0.08;10
W481-585-KD4.00;10
W481-B585-KD4.00;10
W482-585-B1.00;10
W482-B585-B1.00;10
W482-585-B0.50;10
W482-B585-B0.50;10
W482-585-B0.70;10
W482-B585-B0.70;10
W483-585-B0.89;10
W483-B585-B0.89;10
W484-585-B0.15;10
W484-B585-B0.15;10
W484-585-B0.20;10
W484-B585-B0.20;10
W485-585-KD5.00;10
W485-B585-KD5.00;10
W486-585-R1.10;10
W486-B585-R1.10;10
W487-585-S0.60;10
W487-B585-S0.60;10
W493-585-B0.015;10
W493-B585-B0.015;10
W495-585-B0.85;10
W495-B585-B0.85;10
W496-585-CB0.30;10
W496-B585-CB0.30;10
W497-585-B1.15;10
W497-585-B1.45;10
W497-B585-B1.15;10
W497-B585-B1.45;10
W498-585-B0.88;10
W498-B585-B0.88;10
W499-585-B0.20;10
W499-585-B0.25;10
W499-B585-B0.20;10
W499-B585-B0.25;10
W488-585-Z1.70;10
W488-B585-Z1.70;10
W489-585-Z2.00;10
W489-B585-Z2.00;10
W490-585-Z0.80;10
W490-B585-Z0.80;10
W491-585-Z3.00;10
W491-B585-Z3.00;10
W492-585-Z2.20;10
W492-B585-Z2.20;10
W494-585-B1.03;10
W494-B585-B1.03;10
A036;10
B642-585;1
B643-585;1
B660-585;1
D313-585;0
D315-585;1
D316-585;0
D317-585;1
D318-585;0
D320-585;2
D321-585;0
D323-585;1
D324-585;1
D325-585;0
L198-585-55;1
L198-585-60;1
L200-585-60;1
L201-585-60;1
L202-585-60;0
L205-585-60;1
L211-585-60;1
L212-585-60;1
US002;20
US003;20
us001;20
CK001-585-B0.06;10
CK001-B585-B0.06;10
CK002-585-B0.10;10
CK002-B585-B0.10;10
CK008-585-B0.04;10
CK008-B585-B0.04;10
CK011-585-B0.03;10
CK011-B585-B0.03;10
CK012-585-B0.03;10
CK012-B585-B0.03;10
CK013-585-B0.16;10
CK013-B585-B0.16;10
CK014-585-B0.13;10
CK014-B585-B0.13;10
CK015-585-B0.03;10
CK015-B585-B0.03;10
CK016-585-B0.16;10
CK016-B585-B0.16;10
CK017-585-B0.03;10
CK017-B585-B0.03;10
CK020-585-B0.05;10
CK020-B585-B0.05;10
CK021-585-B0.01;10
CK021-B585-B0.01;10
KO-001-585-R1.20;10
KO-001-585-S1.40;10
KO-001-585-SZ0.80;10
KO-001-585-T1.00;10
KO-001-585-TA0.80;10
KO-001-B585-R1.20;10
KO-001-B585-S1.40;10
KO-001-B585-SZ0.80;10
KO-001-B585-T1.00;10
KO-001-B585-TA0.80;10
KO-002-585-T2.40;10
KO-002-B585-T2.40;10
KO-003-585-B0.02;10
KO-003-B585-B0.02;10
KO-004-585-B0.07;10
KO-004-B585-B0.07;10
KO-005-585-B0.06;10
KO-005-B585-B0.06;10
KO-006-585-T1.80;10
KO-006-B585-T1.80;10
KO-007-585-B0.07;10
KO-007-B585-B0.07;10
KO-008-585-B0.10;10
KO-008-B585-B0.10;10
KO-009-585-B0.12;10
KO-009-B585-B0.12;10
KO-010-585-B0.10;10
KO-010-B585-B0.10;10
KO-012-585-B0.04;0
KO-012-B585-B0.04;10
KO-014-585-B0.08;10
KO-014-B585-B0.08;10
KO-016-585-B0.12;10
KO-016-B585-B0.12;10
KO-017-585-B0.08;10
KO-017-B585-B0.08;10
KO-018-585-B0.03;10
KO-018-B585-B0.03;10
KO-020-585-B0.02;10
KO-020-B585-B0.02;10
KO-032-585-B0.16;10
KO-032-B585-B0.16;10
KO-033-585-B0.09;10
KO-033-B585-B0.09;10
KO-034-585-B0.16;10
KO-034-585-B0.20;10
KO-034-B585-B0.16;10
KO-034-B585-B0.20;10
KO-035-585-B0.08;10
KO-035-B585-B0.08;10
KO-036-585-B0.09;10
KO-036-B585-B0.09;10
KO-037-585-B0.30;10
KO-037-B585-B0.30;10
KO-038-585-B0.16;10
KO-038-B585-B0.16;10
KO-039-585-B0.12;10
KO-039-B585-B0.12;10
KO-040-585-T2.20;10
KO-040-B585-T2.20;10
KO-041-585-B0.09;10
KO-041-B585-B0.09;10
KO-042-585-B0.12;10
KO-042-B585-B0.12;10
KO-044-585-B0.16;10
KO-044-585-B0.20;10
KO-044-B585-B0.16;10
KO-044-B585-B0.20;10
KO-045-585-B0.16;10
KO-045-585-B0.20;10
KO-045-B585-B0.16;10
KO-045-B585-B0.20;10
KO-048-585-B0.08;10
KO-048-B585-B0.08;10
KO-051-585-T1.80;10
KO-051-B585-T1.80;10
KO-052-585-B0.08;10
KO-052-B585-B0.08;10
KO-053-585-B0.32;10
KO-053-B585-B0.32;10
KO-061-585-B0.30;10
KO-061-B585-B0.30;10
KO-080-585-T4.00;10
KO-080-B585-T4.00;10
KO-088-585-B0.16;10
KO-088-585-B0.20;10
KO-088-B585-B0.16;10
KO-088-B585-B0.20;10
KO-150-585-T6.40;10
KO-150-B585-T6.40;10
KO-152-585-B0.40;10
KO-152-B585-B0.40;10
KO-155-585-B0.18;10
KO-155-585-B0.30;10
KO-155-B585-B0.18;10
KO-155-B585-B0.30;10
KO-185-585-R0.30;10
KO-185-585-S0.30;10
KO-185-B585-R0.30;10
KO-185-B585-S0.30;10
KO-220-585-B0.60;10
KO-220-B585-B0.60;10
KO-224-585-B0.30;10
KO-224-B585-B0.30;10
KO-235-585-B0.08;10
KO-235-B585-B0.08;10
KO-284-585-R0.30;10
KO-284-585-S0.30;10
KO-284-B585-R0.30;10
KO-284-B585-S0.30;10
KO-294-585-B0.20;10
KO-294-B585-B0.20;10
KO-329-585-B0.16;10
KO-329-585-B0.20;10
KO-329-B585-B0.16;10
KO-329-B585-B0.20;10
KO-354-585-S1.40;10
KO-354-B585-S1.40;10
KO-381-585-B0.40;10
KO-381-B585-B0.40;10
KO-440-585-NB0.70;10
KO-440-B585-NB0.70;10
KO-441-585-NB0.40;10
KO-441-B585-NB0.40;10
PK026-585-B0.09;10
PK026-B585-B0.09;10
PK027-585-B0.16;10
PK027-B585-B0.16;10
C001-585-B0.03;10
C001-B585-B0.03;10
C002-585-B0.12;10
C002-B585-B0.12;10
C003-585-B0.03;10
C003-B585-B0.03;10
C004-585-B0.13;10
C004-B585-B0.13;10
C005-585-B0.005;10
C005-B585-B0.005;10
C006-585-B0.06;10
C006-B585-B0.06;10
C007-585-B0.005;10
C007-B585-B0.005;10
C008-585-B0.02;10
C008-B585-B0.02;10
C009-585-B0.01;10
C009-B585-B0.01;10
C010-585-B0.005;10
C010-B585-B0.005;10
C011-585-B0.005;10
C011-B585-B0.005;10
C012-333-B0.005;10
C012-585-B0.005;10
C012-B585-B0.005;10
C013-585-B0.08;10
C013-B585-B0.08;10
C014-585-B0.06;10
C014-B585-B0.06;10
C015-585-B0.005;10
C015-B585-B0.005;10
C016-585-B0.08;10
C016-B585-B0.08;10
C017-585-B0.0145;10
C017-B585-B0.0145;10
C018-585-B0.07;10
C019-585-B0.03;10
C019-B585-B0.03;10
C020-585-B0.045;10
C020-B585-B0.045;10
C021-585-B0.005;10
C021-B585-B0.005;10
C022-585-B0.01;10
C022-B585-B0.01;10
C023-585-B0.06;10
C023-B585-B0.06;10
C024-585-B0.015;10
C024-B585-B0.015;10
C025-585-B0.05;10
C025-B585-B0.05;10
C027-585-B0.005;10
C027-B585-B0.005;10
CB026-585-B0.015;10
CB026-B585-B0.015;10
CK001-585-B0.06;10
CK001-B585-B0.06;10
CK002-585-B0.10;10
CK002-B585-B0.10;10
CK008-585-B0.04;10
CK008-B585-B0.04;10
CK011-585-B0.03;10
CK011-B585-B0.03;10
CK012-585-B0.03;10
CK012-B585-B0.03;10
CK013-585-B0.16;10
CK013-B585-B0.16;10
CK014-585-B0.13;10
CK014-B585-B0.13;10
CK015-585-B0.03;10
CK015-B585-B0.03;10
CK016-585-B0.16;10
CK016-B585-B0.16;10
CK017-585-B0.03;10
CK017-B585-B0.03;10
CK020-585-B0.05;10
CK020-B585-B0.05;10
CK021-585-B0.01;10
CK021-B585-B0.01;10
KO-001-585-R1.20;10
KO-001-585-S1.40;10
KO-001-585-SZ0.80;10
KO-001-585-T1.00;10
KO-001-585-TA0.80;10
KO-001-B585-R1.20;10
KO-001-B585-S1.40;10
KO-001-B585-SZ0.80;10
KO-001-B585-T1.00;10
KO-001-B585-TA0.80;10
KO-002-585-T2.40;0
KO-002-B585-T2.40;0
KO-003-585-B0.02;10
KO-003-B585-B0.02;10
KO-004-585-B0.07;10
KO-004-B585-B0.07;10
KO-005-585-B0.06;10
KO-005-B585-B0.06;10
KO-006-585-T1.80;10
KO-006-B585-T1.80;10
KO-007-585-B0.07;10
KO-007-B585-B0.07;10
KO-008-585-B0.10;10
KO-008-B585-B0.10;10
KO-009-585-B0.12;10
KO-009-B585-B0.12;10
KO-010-585-B0.10;10
KO-010-B585-B0.10;10
KO-012-585-B0.04;10
KO-012-B585-B0.04;10
KO-014-585-B0.08;10
KO-014-B585-B0.08;10
KO-016-585-B0.12;10
KO-016-B585-B0.12;10
KO-017-585-B0.08;10
KO-017-B585-B0.08;10
KO-018-585-B0.03;10
KO-018-B585-B0.03;10
KO-020-585-B0.02;10
KO-020-B585-B0.02;10
KO-032-585-B0.16;10
KO-032-585-B0.20;10
KO-032-B585-B0.16;10
KO-032-B585-B0.20;10
KO-033-585-B0.09;10
KO-033-B585-B0.09;10
KO-034-585-B0.16;10
KO-034-585-B0.20;10
KO-034-B585-B0.16;10
KO-034-B585-B0.20;10
KO-035-585-B0.08;10
KO-035-B585-B0.08;10
KO-036-585-B0.09;10
KO-036-B585-B0.09;10
KO-037-585-B0.30;10
KO-037-B585-B0.30;10
KO-038-585-B0.16;10
KO-038-B585-B0.16;10
KO-039-585-B0.12;10
KO-039-B585-B0.12;10
KO-040-585-T2.20;10
KO-040-B585-T2.20;10
KO-041-585-B0.09;10
KO-041-B585-B0.09;10
KO-042-585-B0.12;10
KO-042-B585-B0.12;10
KO-044-585-B0.16;10
KO-044-585-B0.20;10
KO-044-B585-B0.16;10
KO-044-B585-B0.20;10
KO-045-585-B0.16;10
KO-045-585-B0.20;10
KO-045-B585-B0.16;10
KO-045-B585-B0.20;10
KO-048-585-B0.08;10
KO-048-B585-B0.08;10
KO-051-585-T1.80;10
KO-051-B585-T1.80;10
KO-052-585-B0.08;10
KO-052-B585-B0.08;10
KO-053-585-B0.32;10
KO-053-B585-B0.32;10
KO-061-585-B0.30;10
KO-061-B585-B0.30;10
KO-080-585-T4.00;10
KO-080-B585-T4.00;10
KO-088-585-B0.16;10
KO-088-585-B0.20;10
KO-088-B585-B0.16;10
KO-088-B585-B0.20;10
KO-150-585-T6.40;10
KO-150-B585-T6.40;10
KO-152-585-B0.40;10
KO-152-B585-B0.40;10
KO-155-585-B0.18;10
KO-155-585-B0.30;10
KO-155-B585-B0.18;10
KO-155-B585-B0.30;10
KO-185-585-R0.30;10
KO-185-585-S0.30;10
KO-185-B585-R0.30;10
KO-185-B585-S0.30;10
KO-220-585-B0.60;10
KO-220-B585-B0.60;10
KO-224-585-B0.30;10
KO-224-B585-B0.30;10
KO-235-585-B0.08;10
KO-235-B585-B0.08;10
KO-284-585-R0.30;10
KO-284-585-S0.30;10
KO-284-B585-R0.30;10
KO-284-B585-S0.30;10
KO-294-585-B0.20;10
KO-294-B585-B0.20;10
KO-329-585-B0.16;10
KO-329-585-B0.20;10
KO-329-B585-B0.16;10
KO-329-B585-B0.20;10
KO-354-585-S1.40;10
KO-354-B585-S1.40;10
KO-381-585-B0.40;10
KO-381-B585-B0.40;10
KO-440-585-NB0.70;10
KO-440-B585-NB0.70;10
KO-441-585-NB0.40;10
KO-441-B585-NB0.40;10
PET001-585-B0.005;10
PK026-585-B0.09;10
PK026-B585-B0.09;10
PK027-585-B0.16;10
PK027-B585-B0.16;10
PZ026-585-B0.05;10
PZ026-B585-B0.05;10
PZ027-585-B0.09;10
PZ027-B585-B0.09;10
Z004-585-B0.22;10
Z063-333-B0.02;10
Z063-585-B0.02;10
Z064-585-B0.06;10
Z065-333-B0.04;10
Z065-585-B0.04;10
Z066-333-B0.025;10
Z066-585-B0.025;10
Z067-333-B0.03;10
Z067-585-B0.03;10
Z068-333-B0.015;10
Z068-585-B0.015;10
ZO-001-585-R0.60;10
ZO-001-585-S0.70;10
ZO-001-585-SZ0.40;10
ZO-001-585-T0.50;10
ZO-001-585-TA0.40;10
ZO-001-B585-R0.60;10
ZO-001-B585-S0.70;10
ZO-001-B585-SZ0.40;10
ZO-001-B585-T0.50;10
ZO-001-B585-TA0.40;10
ZO-006-585-T0.90;10
ZO-006-B585-T0.90;10
ZO-032-585-B0.08;10
ZO-032-585-B0.10;10
ZO-032-B585-B0.08;10
ZO-032-B585-B0.10;10
ZO-034-585-B0.10;10
ZO-034-B585-B0.10;10
ZO-036-585-B0.05;10
ZO-036-B585-B0.05;10
ZO-040-585-T1.10;10
ZO-040-B585-T1.10;10
ZO-042-585-B0.06;10
ZO-042-B585-B0.06;10
ZO-044-585-B0.10;10
ZO-044-B585-B0.10;10
ZO-045-585-B0.10;10
ZO-045-585-B0.49;10
ZO-045-B585-B0.10;10
ZO-048-585-B0.04;10
ZO-048-B585-B0.04;10
ZO-080-585-T2.00;10
ZO-080-B585-T2.00;10
ZO-150-585-T3.20;10
ZO-150-B585-T3.20;10
ZO-155-585-B0.09;10
ZO-155-B585-B0.09;10
ZO-185-585-R0.15;10
ZO-185-585-S0.15;10
ZO-185-B585-R0.15;10
ZO-185-B585-S0.15;10
ZO-224-585-B0.20;10
ZO-224-B585-B0.20;10
ZO-354-585-S0.70;10
ZO-354-B585-S0.70;10
ZO-440-585-NB0.35;10
ZO-440-B585-NB0.35;10
ZO-441-585-NB0.20;10
ZO-441-B585-NB0.20;10
P048-333-C;10
P040-333-C;10
P037-R585-B0.04;10
P037-B585-B0.04;10
P037-585-B0.04;10
ZG132-585;10
ZG132-333;10
ZG131-333;10
P045-333-C;10
ZO-401-B585-B0.10;10
ZO-401-585-B0.10;10
ZO-343-B585-B0.10;10
ZO-343-585-B0.10;10
ZO-088-B585-B0.10;10
ZO-088-B585-B0.08;10
ZO-088-585-B0.10;10
ZO-088-585-B0.08;10
ZB008-B585-B0.05;10
ZB008-585-B0.05;10
ZB007-B585-B0.06;10
ZB007-585-B0.06;10
ZB006-B585-B0.05;10
ZB006-585-B0.05;10
ZB005-B585-B0.06;10
ZB005-585-B0.06;10
ZB004-B585-B0.15;10
ZB004-585-B0.15;10
ZB003-B585-B0.28;10
ZB003-585-B0.28;10
ZB002-B585-B0.13;10
ZB002-585-B0.13;10
ZB001-B585-B0.35;10
ZB001-585-B0.35;10
KO-402-B585-B0.16;10
KO-402-585-B0.16;10
KO-401-B585-B0.20;10
KO-401-585-B0.20;10
KO-343-B585-B0.20;10
KO-343-585-B0.20;10
KO-088-B585-B0.08;10
KO-088-585-B0.08;10
KO-068-B585-B0.30;10
KO-068-585-B0.30;10
KO-067-B585-B0.20;10
KO-067-585-B0.20;10
KO-066-B585-B0.08;10
KO-066-585-B0.08;10
KO-065-B585-B0.16;10
KO-065-B585-B0.06;10
KO-065-B585-B0.02;10
KO-065-585-B0.16;10
KO-065-585-B0.06;10
KO-065-585-B0.02;10
KO-064-B585-B0.14;10
KO-064-585-B0.14;10
KO-063-B585-B0.02;10
KO-063-585-B0.02;10
KO-062-B585-B0.31;10
KO-062-585-B0.31;10
KO-060-B585-B0.06;10
KO-060-585-B0.06;10
KO-059-B585-B0.08;10
KO-059-585-B0.08;10
KO-058-B585-B0.16;10
KO-058-B585-B0.06;10
KO-058-B585-B0.02;10
KO-058-585-B0.16;10
KO-058-585-B0.06;10
KO-058-585-B0.02;10
KO-057-B585-B0.20;10
KO-057-B585-B0.16;10
KO-057-B585-B0.14;10
KO-057-B585-B0.08;10
KO-057-B585-B0.06;10
KO-057-585-B0.20;10
KO-057-585-B0.16;10
KO-057-585-B0.14;10
KO-057-585-B0.08;10
KO-057-585-B0.06;10
KO-057-B585-CB0.08;10
KO-057-585-CB0.08;10
KO-056-B585-B0.06;10
KO-035-B585-CB0.08;10
KO-035-585-CB0.08;10
KO-032-B585-CB0.20;10
KO-032-585-CB0.20;10
KO-056-585-B0.06;10
KO-055-B585-B0.08;10
KO-055-585-B0.08;10
KO-054-B585-B0.18;10
KO-054-585-B0.18;10
KO-031T-B585-B0.02;10
KO-031T-585-B0.02;10
KO-030-B585-B0.31;10
KO-030-585-B0.31;10
KO-029T-B585-B0.02;10
KO-029T-585-B0.02;10
KO-029-B585-B0.04;10
KO-029-585-B0.04;10
KO-028-B585-B0.15;10
KO-028-585-B0.15;10
KO-027-B585-B0.56;10
KO-027-585-B0.56;10
KO-026-B585-B0.20;10
KO-026-585-B0.20;10
KO-025-B585-B0.08;10
KO-025-585-B0.08;10
KO-024-B585-B0.09;10
KO-024-585-B0.09;10
KO-023-B585-B0.03;10
KO-023-585-B0.03;10
KO-022-B585-B0.10;10
KO-022-585-B0.10;10
C029-B585-B0.03;10
C029-585-B0.03;10
C028-B585-B0.01;10
C028-585-B0.01;10
P126-R585-B0.09;10
P126-B585-B0.09;10
P126-585-B0.09;10
P125-R585-B0.01;10
P125-B585-B0.01;10
P125-585-B0.01;10
P124-R585-B0.07;10
P124-B585-B0.07;10
P124-585-B0.07;10
P123-R585-B0.13;10
P123-B585-B0.13;10
P123-585-B0.13;10
P122-R585-CB0.03;10
P122-B585-CB0.03;10
P122-585-CB0.03;10
P121-R585-R0.15;10
P121-B585-R0.15;10
P121-585-R0.15;10
P120-R585-R0.15;10
P120-B585-R0.15;10
P120-585-R0.15;10
P119-R585-S0.15;10
P119-B585-S0.15;10
P119-585-S0.15;10
P118-R585-S0.03;10
P118-B585-S0.03;10
P118-585-S0.03;10
P117-R585-S0.15;10
P117-B585-S0.15;10
P117-585-S0.15;10
P116-R585-R0.15;10
P116-B585-R0.15;10
P116-585-R0.15;10
P115-R585-R0.30;10
P115-B585-R0.30;10
P115-585-R0.30;10
P114-R585-R0.15;10
P114-B585-R0.15;10
P114-585-R0.15;10
P113-R585-S0.15;10
P113-B585-S0.15;10
P113-585-S0.15;10
P112-R585-R0.15;10
P112-B585-R0.15;10
P112-585-R0.15;10
P111-R585-CB0.50;10
P111-B585-CB0.50;10
P111-585-CB0.50;10
P110-R585-B0.08;10
P110-B585-B0.08;10
P110-585-B0.08;10
P109-R585-CB0.12;10
P109-B585-CB0.12;10
P109-585-CB0.12;10
P108-R585-B0.10;10
P108-B585-B0.10;10
P108-585-B0.10;10
P107-R585-S0.30;10
P107-B585-S0.30;10
P107-585-S0.30;10
P106-R585-B0.10;10
P106-B585-B0.10;10
P106-585-B0.10;10
P105-R585-S0.30;10
P105-B585-S0.30;10
P105-585-S0.30;10
P104-R585-S0.03;10
P104-B585-S0.03;10
P104-585-S0.03;10
P103-R585-B0.02;10
P103-B585-B0.02;10
P103-585-B0.02;10
P102-R585-R0.15;10
P102-B585-R0.15;10
P102-585-R0.15;10
P101-R585-T0.15;10
P101-B585-T0.15;10
P101-585-T0.15;10
P100-R585-B0.15;10
P100-B585-B0.15;10
P100-585-B0.15;10
P099-R585-S0.30;10
P099-B585-S0.30;10
P099-585-S0.30;10
P098-R585-B0.04;10
P098-B585-B0.04;10
P098-585-B0.04;10
P097-R585-B0.03;10
P097-B585-B0.03;10
P097-585-B0.03;10
P096-R585-CB0.12;10
P096-B585-CB0.12;10
P096-585-CB0.12;10
P095-R585-B0.10;10
P095-B585-B0.10;10
P095-585-B0.10;10
P066-R585-B0.05;10
P066-B585-B0.05;10
P066-585-B0.05;10
W528-B585-CB0.33;10
W528-585-CB0.33;10
W525-B585-B0.30;10
W525-585-B0.30;10
W523-B585-B0.03;10
W523-585-B0.03;10
W522-B585-B0.23;10
W522-585-B0.23;10
W521-B585-B0.10;10
W521-585-B0.10;10
W520-B585-B0.11;10
W520-585-B0.11;10
W518-B585-B0.46;10
W518-585-B0.46;10
W517-B585-Z1.30;10
W517-585-Z1.30;10
W510-B585-CB0.20;10
W510-B585-B0.20;10
W510-585-CB0.20;10
W510-585-B0.20;10
W502-B585-CB2.00;10
W502-585-CB2.00;10
W501-B585-B0.04;10
W501-585-B0.04;10
P127-R585-T0.50TA;10
P127-R585-T0.50S;10
P127-R585-T0.50B;10
P127-R585-O0.60NB;10
P127-R585-O0.60B;10
P127-R585-G0.60R;10
P127-R585-G0.60CB;10
P127-R585-G0.60B;10
P127-R585-CB0.50TA;10
P127-R585-CB0.50S;10
P127-R585-CB0.50R;10
P127-R585-CB0.50NB;10
P127-R585-CB0.50CB;10
P127-R585-CB0.50B;10
P127-R585-C0.50NB;10
P127-R585-C0.50B;10
P127-R585-BS0.60TA;10
P127-R585-BS0.60S;10
P127-R585-BS0.60R;10
P127-R585-BS0.60NB;10
P127-R585-BS0.60CB;10
P127-R585-BS0.60B;10
P127-R585-A0.50S;10
P127-R585-A0.50CB;10
P127-R585-A0.50B;10
P127-B585-T0.50TA;10
P127-B585-T0.50S;10
P127-B585-T0.50B;10
P127-B585-O0.60NB;10
P127-B585-O0.60B;10
P127-B585-G0.60R;10
P127-B585-G0.60CB;10
P127-B585-G0.60B;10
P127-B585-CB0.50TA;10
P127-B585-CB0.50S;10
P127-B585-CB0.50R;10
P127-B585-CB0.50NB;10
P127-B585-CB0.50CB;10
P127-B585-CB0.50B;10
P127-B585-C0.50NB;10
P127-B585-C0.50B;10
P127-B585-BS0.60TA;10
P127-B585-BS0.60S;10
P127-B585-BS0.60R;10
P127-B585-BS0.60NB;10
P127-B585-BS0.60CB;10
P127-B585-BS0.60B;10
P127-B585-A0.50S;10
P127-B585-A0.50CB;10
P127-B585-A0.50B;10
P127-585-T0.50TA;10
P127-585-T0.50S;10
P127-585-T0.50B;10
P127-585-O0.60NB;10
P127-585-O0.60B;10
P127-585-G0.60R;10
P127-585-G0.60CB;10
P127-585-G0.60B;10
P127-585-CB0.50TA;10
P127-585-CB0.50S;10
P127-585-CB0.50R;10
P127-585-CB0.50NB;10
P127-585-CB0.50CB;10
P127-585-CB0.50B;10
P127-585-C0.50NB;10
P127-585-C0.50B;10
P127-585-BS0.60TA;10
P127-585-BS0.60S;10
P127-585-BS0.60R;10
P127-585-BS0.60NB;10
P127-585-BS0.60CB;10
P127-585-BS0.60B;10
P127-585-A0.50S;10
P127-585-A0.50CB;10
P127-585-A0.50B;10
A-101;10
A-102;10
A-103;10
A-104;10
A-105;10
A-106;10
A-107;10
A-108;10
A-109;10
A-110;10
A-111;10
A-112;10
A-113;10
A-114;10
A-115;10
A-116;10
A-117;10
A-118;10
A-119;10
A-120;10
A-121;10
A-122;10
A-123;10
A-124;10
A-125;10
A-126;10
A-127;10
A-128;10
A-129;10
A-130;10
A-131;10
A-133;10
A-134;10
A-135;10
A-136;10
A-137;10
A-138;10
A-139;10
A-140;10
A-141;10
A-142;10
A-143;10
A-144;10
A-145;10
A-146;10
A-147;10
A-148;10
A-149;10
A-150;10
A-151;10
A-152;10
A-153;10
A-154;10
A-155;10
A-156;10
A-157;10
A-158;10
A-159;10
A-160;10
A-161;10
A-201;10
A-202;10
A-203;10
A-204;10
A-205;10
A-206;10
A-207;10
A-208;10
A-209;10
A-210;10
A-211;10
A-212;10
A-213;10
A-214;10
A-215;10
A-216;10
A-217;10
A-218;10
A-219;10
A-220;10
A-221;10
A-222;10
A-223;10
A-224;10
A-225;10
A-226;10
A-227;10
A-228;10
A-229;10
A-230;10
B-101;10
B-102;10
B-103;10
B-104;10
B-105;10
B-106;10
B-107;10
B-108;10
B-109;10
B-110;10
B-201;10
B-202;10
B-203;10
B-204;10
B-205;10
B-206;10
B-207;10
B-208;10
B-209;10
B-210;10
B-211;10
B-212;10
O-100;10
O-101;10
O-104;10
O-108;10
O-113;10
O-115;10
O-116;10
O-122;10
O-133;10
O-137;10
O-139;10
O-16;10
O-203;10
O-222;10
O-23;10
O-242;10
O-257;10
O-265;10
O-266;10
O-27;10
O-271;10
O-274;10
O-279;10
O-28;10
O-284;10
O-302;10
O-331;10
O-332;10
O-337;10
O-339;10
O-340;10
O-341;10
O-345;10
O-349;10
O-4;10
O-44;10
O-8;10
OE-10;10
OE-11;10
OE-118;10
OE-18;10
OE-188;10
OE-189;10
OE-199;10
OE-207;10
OE-213;10
OE-216;10
OE-217;10
OE-219;10
OE-222;10
OE-27;10
OE-29;10
OE-303;10
OE-304;10
OE-313;10
OE-315;10
OE-324;10
OE-325;10
OE-326;10
OE-33;10
OE-330;10
OE-332;10
OE-333;10
OE-349;10
OE-35;10
OE-351;10
OE-352;10
OE-353;10
OE-356;10
OE-357;10
OE-361;10
OE-364;10
OE-365;10
OE-37;10
OE-38;10
OE-86;10
OE-87;10
OE-92;10
OP-26;10
ST;10
ST001;10
ST002;10
ST003;10
ST004;10
ST005;10
ST006;10
ST006BR;10
ST007;10
ST008;10
ST009;10
ST010;10
ST010BR;10
ST011;10
ST012;10
ST013;10
ST014;10
ST015;10
ST016;10
ST017;10
ST018;10
ST019;10
ST020;10
ST021;10
ST022;10
ST023;10
ST024;10
ST025;10
ST026;10
ST027;10
ST028;10
ST029;10
ST030;10
ST031;10
ST032;10
ST033;10
ST033BR;10
ST034;10
ST035;10
ST036;10
ST037;10
ST038;10
ST039;10
ST040;10
ST041;10
ST042;10
ST043;10
ST043BR;10
ST044;10
ST047;10
ST049;10
ST050;10
ST051;10
ST052;10
ST052BR;10
ST053;10
ST055;10
ST056;10
ST057;10
ST058;10
ST059;10
ST060;10
ST061;10
ST062;10
ST064;10
ST065;10
ST066;10
ST067;10
ST068;10
ST069;10
ST071;10
ST072;10
ST073;10
ST074;10
ST075;10
ST076;10
ST076BR;10
ST077;10
ST078;10
ST080;10
ST082;10
ST083;10
ST084;10
ST089;10
ST090;10
ST091;10
ST092;10
ST093;10
ST094;10
ST095;10
ST096;10
ST097;10
ST098;10
ST099;10
ST100;10
ST101;10
ST102;10
ST103;10
ST104;10
ST110;10
ST111;10
ST112;10
ST113;10
ST114;10
ST115;10
ST116;10
ST117;10
ST118;10
ST119;10
ST120;10
ST121;10
ST123;10
ST124;10
ST125;10
ST126;10
ST127;10
ST128;10
ST129;10
ST130;10
ST131;10
ST132;10
ST133;10
ST134;10
ST135;10
ST136;10
ST137;10
ST138;10
ST139;10
ST140;10
ST142;10
ST143;10
ST144;10
ST145;10
ST146;10
ST147;10
ST147BR;10
ST148;10
ST150;10
ST151;10
ST152;10
ST153;10
ST154;10
ST155;10
ST156;10
ST157;10
ST157BR;10
ST158;10
ST160;10
ST160BR;10
ST161;10
ST161BR;10
ST162;10
ST164;10
ST164BR;10
ST165;10
ST167;10
ST168;10
ST169;10
ST170;10
ST171;10
ST172;10
ST173;10
ST174;10
ST175;10
ST176;10
ST177;10
ST178;10
ST179;10
ST180;10
ST181;10
ST183;10
ST184;10
ST185;10
ST186;10
ST188;10
ST189;10
ST190;10
ST192;10
ST193;10
ST194;10
ST195;10
ST196;10
ST197;10
ST198;10
ST199;10
ST201;10
ST202;10
ST203;10
ST204;10
ST205;10
ST206;10
ST206BR;10
ST207;10
ST207BR;10
ST208;10
ST208BR;10
ST209;10
ST209BR;10
ST210;10
ST211;10
ST212;10
ST213;10
ST214;10
ST215;10
ST216;10
ST217;10
ST218;10
ST222;10
ST222BR;10
ST223;10
ST223BR;10
ST224;10
ST224BR;10
ST225;10
ST226;10
ST227;10
ST228;10
ST229;10
ST230;0
ST231;10
ST232;10
ST232BR;10
ST233;10
ST233BR;10
ST234;10
ST235;10
ST235BR;10
ST236;10
ST236BR;10
ST238;10
ST239;10
ST240;10
ST241;10
ST242;10
ST243;10
ST244;10
ST245;10
ST246;10
ST247;10
ST247BR;10
ST248;10
ST249;10
ST250;10
ST252;10
ST253;10
ST254;10
ST255;10
ST255BR;10
ST256;10
ST257;10
ST258;10
ST258BR;10
ST259;10
ST260;10
ST261;10
ST262;10
ST263;10
ST264;10
ST265;10
ST266;10
ST267;10
ST268;10
ST269;10
ST270;10
ST271;10
ST272;10
ST273;10
ST274;10
ST275;10
ST276;10
ST277;10
ST278;10
ST279;10
ST280;10
ST281;10
ST282;10
ST283;10
ST284;10
ST285;10
ST286;10
ST287;10
ST288;10
ST289;10
ST290;10
ST291;10
ST292;10
ST293;10
ST294;10
ST295;10
ST296;10
A011G;10
a049;100
A024G;100
P128-585-A0.50B;10
P128-585-A0.50CB;10
P128-585-A0.50S;10
P128-585-BS0.60B;10
P128-585-BS0.60CB;10
P128-585-BS0.60NB;10
P128-585-BS0.60R;10
P128-585-BS0.60S;10
P128-585-BS0.60TA;10
P128-585-C0.50B;10
P128-585-C0.50NB;10
P128-585-CB0.50B;10
P128-585-CB0.50CB;10
P128-585-CB0.50NB;10
P128-585-CB0.50R;10
P128-585-CB0.50S;10
P128-585-CB0.50TA;10
P128-585-G0.60B;10
P128-585-G0.60CB;10
P128-585-G0.60R;10
P128-585-O0.60B;10
P128-585-O0.60NB;10
P128-585-T0.50B;10
P128-585-T0.50S;10
P128-585-T0.50TA;10
P128-B585-A0.50B;10
P128-B585-A0.50CB;10
P128-B585-A0.50S;10
P128-B585-BS0.60B;10
P128-B585-BS0.60CB;10
P128-B585-BS0.60NB;10
P128-B585-BS0.60R;10
P128-B585-BS0.60S;10
P128-B585-BS0.60TA;10
P128-B585-C0.50B;10
P128-B585-C0.50NB;10
P128-B585-CB0.50B;10
P128-B585-CB0.50CB;10
P128-B585-CB0.50NB;10
P128-B585-CB0.50R;10
P128-B585-CB0.50S;10
P128-B585-CB0.50TA;10
P128-B585-G0.60B;10
P128-B585-G0.60CB;10
P128-B585-G0.60R;10
P128-B585-O0.60B;10
P128-B585-O0.60NB;10
P128-B585-T0.50B;10
P128-B585-T0.50S;10
P128-B585-T0.50TA;10
P128-R585-A0.50B;10
P128-R585-A0.50CB;10
P128-R585-A0.50S;10
P128-R585-BS0.60B;10
P128-R585-BS0.60CB;10
P128-R585-BS0.60NB;10
P128-R585-BS0.60R;10
P128-R585-BS0.60S;10
P128-R585-BS0.60TA;10
P128-R585-C0.50B;10
P128-R585-C0.50NB;10
P128-R585-CB0.50B;10
P128-R585-CB0.50CB;10
P128-R585-CB0.50NB;10
P128-R585-CB0.50R;10
P128-R585-CB0.50S;10
P128-R585-CB0.50TA;10
P128-R585-G0.60B;10
P128-R585-G0.60CB;10
P128-R585-G0.60R;10
P128-R585-O0.60B;10
P128-R585-O0.60NB;10
P128-R585-T0.50B;10
P128-R585-T0.50S;10
P128-R585-T0.50TA;10
ZO-443-B585-B0.12;10
ZO-443-585-B0.12;10
ZO-442-B585-CB0.20;10
ZO-442-B585-B0.20;10
ZO-442-585-CB0.20;10
ZO-442-585-B0.20;10
W513-B585-B0.98;10
W513-585-B0.98;10
W512-B585-B0.04;10
W512-585-B0.04;10
W511-B585-KD2.00;10
W511-585-KD2.00;10
W509-B585-B0.05;10
W509-585-B0.05;10
W507-B585-B0.24;10
W507-585-B0.24;10
W506-B585-B0.12;10
W506-585-B0.12;10
W505-B585-B0.03;10
W505-585-B0.03;10
W504-B585-B0.045;10
W504-585-B0.045;10
KO-444-B585-B0.20;10
KO-444-B585-B0.18;10
KO-444-585-B0.20;10
KO-444-585-B0.18;10
KO-443-B585-B0.48;10
KO-443-585-B0.48;10
KO-442-B585-CB0.40;10
KO-442-B585-B0.40;10
KO-442-585-CB0.40;10
KO-442-585-B0.40;10
KO-436-B585-B0.08;10
KO-436-585-B0.08;10
KO-069-B585-B0.80;10
KO-069-585-B0.80;10
K911-925-Z;10
CK034-B585-B0.01;10
CK034-585-B0.01;10
CK033-B585-B0.03;10
CK033-585-B0.03;10
CK029-B585-B0.05;10
CK029-585-B0.05;10
CK028-B585-B0.01;10
CK028-585-B0.01;10
CK005-B585-B0.01;10
CK005-585-B0.01;10
C034-B585-B0.005;10
C034-585-B0.005;10
C033-B585-B0.03;10
C033-585-B0.03;10
C031-B585-S0.05;10
C031-585-S0.05;10
C030-B585-B0.08;10
C030-585-B0.08;10
